patient_id,timestamp,hr,ox,sys,dia
P001,2024-03-27 00:40:00,78,97,130,85
P001,2024-03-28 00:40:00,82,96,135,88
P001,2024-03-29 00:40:00,125,95,165,102
P002,2024-03-27 00:40:00,72,98,118,76
P002,2024-03-28 00:40:00,75,97,120,78
P002,2024-03-29 00:40:00,70,99,115,74
P003,2024-03-27 00:40:00,88,91,140,90
P003,2024-03-28 00:40:00,92,89,145,92
P003,2024-03-29 00:40:00,95,88,150,95
P004,2024-03-27 00:40:00,68,96,110,70
P004,2024-03-28 00:40:00,65,95,108,68
P004,2024-03-29 00:40:00,70,94,112,72
P005,2024-03-27 00:40:00,110,93,155,98
P005,2024-03-28 00:40:00,130,91,170,105
P005,2024-03-29 00:40:00,122,90,162,101
P005,2026-03-29 10:26:40,160,85,190,120
P005,2026-03-29 11:00:00,165,84,195,125
P005,2026-03-29 11:33:20,170,83,200,130
P006,2024-03-27 00:40:00,60,92,145,95
P006,2024-03-28 00:40:00,63,91,148,97
P006,2024-03-29 00:40:00,65,90,150,98
P007,2024-03-27 00:40:00,88,97,122,80
P007,2024-03-28 00:40:00,92,96,125,82
P007,2024-03-29 00:40:00,95,95,128,84
P008,2024-03-27 00:40:00,110,98,160,100
P008,2024-03-28 00:40:00,115,97,165,104
P008,2024-03-29 00:40:00,118,96,170,108
